CollectorVerbatim	Standarized_Collector
Acero, E.	Acero, Enrique
Acero, J.D.	Acero, J.D.
Acevedo-Luna, N.I.	Acevedo-Luna, N.I.
Acevedo, E. de	Acevedo, E. de
Acevedo, O.	Acevedo, O.
Acosta-Arteaga, C.E.	Acosta-Arteaga, C.E.
Acosta-Ortiz, Mónica	Acosta-Ortiz, Mónica
Acosta, D.	Acosta, D.
Acosta, M.A.	Acosta, M.A.
Acosta, M.G.	Acosta, M.G.
Acuña-Donatto, H.	Acuña-Donatto, H.
Adame, J.	Adame, J.
Adarme, M.L.D.	Adarme, M.L.D.
Adriana	Adriana
Afanador, S.	Afanador, S.
Agudelo, M.	Agudelo, M.
Aguirre-G., L.E.	Aguirre-G., L.E.
Aguirre, C.	Aguirre, C.
Aguirre, H.	Aguirre, H.
Aguirrezabal, I.	Aguirrezabal, I.
Alarcón, G.	Alarcón, G.
Alarcón, N.	Alarcón, N.
Albarracín, A.	Albarracín, A.
Alberto	Alberto
Albesiano, S.	Albeciano, Sofía
Alfonso-Cano, A.	Alfonso-Cano, A.
Alfonso, R.	Alfonso, R.
Alfonso, René	Alfonso, René
Allen, P.H.	Allen, P.H.
Alomoto, V.	Alomoto, V.
Alonso, F.	Alonso, F.
Alonso, N.	Alonso, N.
Alromar	Alromar
Alston, A.H.G.	Alston, A.H.G.
Alumnos	Alumnos
Alumnos Instituto de La Salle	Alumnos La Salle
Alumnos Liceo La Salle	Alumnos La Salle
Alumnos U. Salle	Alumnos La Salle
Álvarez, C.G.	Álvarez, C.G.
Álvarez, F.	Álvarez, F.
Álvarez, M.	Álvarez, M.
Alvear-P., M.	Alvear-Pacheco, Marcela
Alzate, L.	Alzate, L.
Amaya, J.	Amaya, J.
Amortegui, B.G.	Amortegui, B.G.
Andrade, Liliana	Andrade, Liliana
André, É.	André, É.
Ángel-R., M.	Ángel-R., M.
Angel, F.	Angel, F.
Angulo, A.	Angulo, A.
Anónimo	Anónimo
Antolínez, A.R.	Antolínez, A.R.
Anton, G.	Antonio, G.
Antonio, G.	Antonio, G.
Anzola, F.	Anzola, F.
Anzola, Nicolás	Anzola, Nicolás
Aparicio, R.	Aparicio, R.
Aponte, M.	Aponte, M.
Arai, K.	Arai, K.
Aranda, J.N.	Aranda, J.N.
Arango, A.	Arango, A.
Arango, D.	Arango, G.D.
Arango, G.D.	Arango, G.D.
Araque-M., J.	Araque-Molina, J.
Araque-Molina, J.	Araque-Molina, J.
Arboleda-R., A.	Arboleda-R., A.
Arcadio-Quintero, E.	Arcadio-Quintero, E.
Arenas, C.	Arenas, C.
Arenas, M.S.	Arenas, M.S.
Arévalo-Marín, Edna	Arévalo-Marín, Edna
Arévalo, A.	Arévalo, A.
Arévalo, L.E.	Arévalo, L.E.
Arias, A.	Arias, A.
Arias, H.	Arias, H.
Arias, M.A.	Arias, M.A.
Arias, O.	Arias, O.
Aristide, L.	Aristide, L.
Ariza, C.	Ariza, C.
Ariza, S.	Ariza, S.
Ariza, W.	Ariza, William
Arrieta, R.	Arrieta, R.
Arsene, F.	Arsene, F.
Arteaga de G., L.	Arteaga de G., L.
Arteaga, M.	Arteaga, M.
Avella, M.	Avella, M.
Ávila, F.	Ávila, Fabio Andrés
Ávila, M.	Ávila, M.
Ávila, Y.	Ávila, Y.
Aviles, H.	Aviles, H.
Azabache, L.	Azabache, L.
Báez, A.	Báez, A.
Ballesteros, F.	Ballesteros, F.
Ballesteros, O.	Ballesteros, O.
Balls, E.K.	Balls, E.K.
Baptiste, H.	Baptiste, H.
Baptiste, I.	Baptiste, I.
Baptiste, M.P.	Baptiste, M.P.
Baquero, M.P.	Baquero, M.P.
Barajas, P.	Barajas, P.
Barbosa-Parra, A.	Barbosa-Parra, A.
Barbosa, C.	Barbosa, C.
Barbosa, O.	Barbosa, O.
Barclay, A.	Barclay, Arthur Stewart
Barclay, A.S.	Barclay, Arthur Stewart
Barclay, H.G.	Barclay, Harriet George
Baresch, A.	Baresch, A.
Barkley-W., F.A.	Barkley-W., F.A.
Barkley, F.	Barkley-W., F.A.
Barragán-Fonseca, K.	Barragán-Fonseca, K.
Barragán, K.	Barragán-Fonseca, K.
Barragán, L.	Barragán, L.
Barrenechea, M.	Barrenechea, M.
Barrera, D.	Barrera, D.
Barrera, Germán	Barrera, Germán
Barrera, I.	Barrera, José Ignacio
Barrera, Ignacio	Barrera, José Ignacio
Barrera, J.L.	Barrera, J.L.
Barrera, José Ignacio	Barrera, José Ignacio
Barrera, L.	Barrera, L.A.
Barrera, L.A.	Barrera, L.A.
Barrera, M.	Barrera, M.
Barreto-P., A.	Barreto-P., A.
Barriga, R.	Barriga, R.
Barrington, D.S.	Barrington, D.S.
Barros, R.	Barros, R.
Baruffol, Martín	Baruffol, Martín
Bautista, L.	Bautista, L.
Bayón, R.	Bayón, R.
Becerra, J.	Becerra, J.
Becerra, R.B.	Becerra, R.B.
Bejarano, M.	Bejarano, M.V.
Bejarano, M.V.	Bejarano, M.V.
Bejarano, O.	Bejarano, O.
Bello, M.	Bello, M.A.
Bello, M.A.	Bello, M.A.
Bello, M.L.	Bello, M.L.
Beltrán, F.	Beltrán, F.
Beltrán, G.D.	Beltrán, G.D.
Beltrán, G.M.	Beltrán, G.M.
Benavides, Y.	Benavides, Y.
Benítez, C.	Benítez, C.
Bensman, R.	Bensman, R.
Bequaert, J.	Bequaert, J.
Bermúdez, E.	Bermúdez, E.
Bermúdez, H.	Bermúdez, H.
Bernal	Bernal
Bernal-G., R.A.	Bernal-González, C.A.
Bernal-González, C.A.	Bernal-González, C.A.
Bernal-M., H.Y.	Bernal-Malagón, H.Y.
Bernal-Medina, A.E.	Bernal-Medina, A.E.
Bernal-P., J.I.	Bernal-P., J.I.
Bernal-Rodríguez, M.	Bernal-Rodríguez, M.
Bernal, A.	Bernal, A.
Bernal, Carlos	Bernal, Carlos
Bernal, G.	Bernal, G.
Bernal, L.E.	Bernal, L.E.
Bernal, M.	Bernal, M.
Bernal, Mauricio	Bernal, Mauricio
Bernal, R.	Bernal, R.
Bernardi, L.	Bernardi, L.
Berrío-Romero, M.P.	Berrío-Romero, M.P.
Berry, P.E.	Berry, P.E.
Betancourt, C.	Betancourt, C.
Betancur, A.	Betancur, A.
Betancur, J.	Betancur, Julio
Betancur, J.C.	Betancur, Julio
Betancur, Julio	Betancur, Julio
Bischler, H.	Bischler, H.
Black, G.A.	Black, G.A.
Blanco-Z., M.T.	Blanco-Z., M.T.
Blanco, C.	Blanco, C.
Blanco, D.C.	Blanco, D.C.
Bohórquez-Cadena, K.	Bohórquez-Cadena, K.
Bohórquez, P.	Bohórquez, P.
Bolívar, L.	Bolívar, L.
Bonilla, D.	Bonilla, D.
Bonilla, Z.	Bonilla, Z.
Bonpland, A.J.A.	Bonpland, A.J.A.
Borda, I.E.	Borda, I.E.
Borda, M.	Borda, M.
Borsch, Thomas	Borsch, Thomas
Botero	Botero
Botero-Baena, N.	Botero-Baena, N.
Botero, Judith	Botero, Judith
Bouthillette, G.R.	Bouthillette, G.R.
Bowman	Bowman
Bravo, N.F.	Bravo, N.F.
Bricker, W.G.	Bricker, W.G.
Bristow, J.M.	Bristow, J.M.
Buitrago, C.	Buitrago, C.
Buitrago, J.	Buitrago, J.
Bula, P.	Bula, P.
C. L. CH. L.	C. L. CH. L.
C.E.	C.E.
Caballero, E.	Caballero, E.
Caballero, L.M.	Caballero, L.M.
Caballero, M.	Caballero, L.M.
Caballero, Y.	Caballero, Y.
Cabeza, G.	Cabeza, G.
Cabra, L.E.	Cabra, L.E.
Cabrera-Amaya, Diego M.	Cabrera-Amaya, Diego Mauricio
Cabrera-Amaya, Diego Mauricio	Cabrera-Amaya, Diego Mauricio
Cabrera, D.	Cabrera-Amaya, Diego Mauricio
Cabrera, Diego	Cabrera-Amaya, Diego Mauricio
Cabrera, Diego Mauricio	Cabrera-Amaya, Diego Mauricio
Cabrera, T.	Cabrera, T.
Cadena-S., M.	Cadena-S., M.
Caicedo, G.R.	Caicedo, G.R.
Calbi, M.	Calbi, Mariasole
Calbi, Mariasole	Calbi, Mariasole
Calderón, C.E.	Calderón, C.E.
Calderón, E.	Calderón, E.
Calderón, O.	Calderón, O.
Calle-A., J.	Calle-Álvarez, J.
Calle-Álvarez, J.	Calle-Álvarez, J.
Calvo, M.	Calvo, M.
Camacho, I.	Camacho, I.
Camacho, Shirley	Camacho, Shirley Eliana
Camacho, Shirley Eliana	Camacho, Shirley Eliana
Camargo, A.	Camargo-G., Luis Alfredo
Camargo, L.	Camargo-G., Luis Alfredo
Camargo, L.A.	Camargo-G., Luis Alfredo
Camelo-M., Lina	Camelo-M., Lina
Camelo, P.	Camelo, P.
Campiño, Camila	Campiño, Camila
Campo, S. del	Campo, S. del
Campos-Alba, C.	Campos-Alba, C.
Campos, E.	Campos, E.
Campos, S.	Campos, S.
Cañaveras, A.	Cañaveras, A.
Cano, W.	Cano, W.
Cárdenas-A., G.	Cárdenas-A., G.
Cárdenas-C., E.	Cárdenas-C., E.
Cárdenas, F.	Cárdenas, F.
Cárdenas, M.	Cárdenas, M.
Cardiel, J. M.	Cardiel, J.M.
Cardiel, J.M.	Cardiel, J.M.
Cardozo, H.	Cardozo, Hernán
Cardozo, Hernán	Cardozo, Hernán
Carreño, B.D.	Carreño, B.D.
Carrillo, C.R.	Carrillo, C.R.
Carrillo, Juan	Carrillo, Juan
Carrillo, S.	Carrillo, S.
Carrillo, Y.	Carrillo, Y.
Carvajal, L.	Carvajal, L.
Carvajalino, E.	Carvajalino, E.
Casallas, M.	Casallas, M.
Casas A.C.	Casas A.C.
Casasfranco, J.	Casasfranco, J.
Castañeda-G., Sandra L.	Castañeda-G., Sandra Liliana
Castañeda-Torres	Castañeda-Torres
Castañeda, N.	Castañeda, N.
Castañeda, Sandra Liliana	Castañeda-G., Sandra Liliana
Castañeda, Y.	Castañeda, Y.
Castaño-Rubiano, Natalia	Castaño-Rubiano, Natalia
Castellanos-M., C.A.	Castellanos-M., C.A.
Castellanos, C.	Castellanos-M., C.A.
Castellanos, J.D.	Castellanos, J.D.
Castellos, J.	Castellos, J.
Castillo, C.	Castillo, C.
Castillo, R.	Castillo, R.
Castrillón, C.A.	Castrillón, C.A.
Castro-Díaz, S.L.	Castro-Díaz, S.L.
Castro, A.	Castro, A.
Castro, J.	Castro, J.
Castro, M	Castro, M
Castro, S.	Castro-Díaz, S.L.
Castro, S.L.	Castro-Díaz, S.L.
Caycedo, J.	Caycedo, J.
CB	CB
Cely, A.	Cely, A.
Cepeda, P.	Cepeda, P.
Cervera, L.	Cervera, L.
Céspedes	Céspedes
Céspedes, K.	Céspedes, K.
Chacón, D.	Chacón, D.
Chacón, I.C.	Chacón, I.C.
Chad	Chad
Chamorro-M., R.	Chamorro-M., R.
Chaparro	Chaparro
Chaparro-Herrera, Sergio	Chaparro-Herrera, Sergio
Chaparro-R., Á.	Chaparro-R., Á.
Chaparro, B.	Chaparro, B.
Chaparro, H.	Chaparro, H.
Chaparro, J.	Chaparro, J.
Chaparro, M.L.	Chaparro, M.L.
Charry, V.	Charry, V.
Chiriboga, M.	Chiriboga, M.
Clark, L.G.	Clark, L.G.
Cleef, A.M.	Cleef, A.M.
Cogollo-Calderón, Angélica	Cogollo-Calderón, Angélica
Cogollo, Angélica	Cogollo-Calderón, Angélica
Cómbita, S.	Cómbita, S.
Concha, J.	Concha, J.
Contreras-Herrera, J.L.	Contreras-Herrera, J.L.
Contreras, M.	Contreras, M.
Contreras, N.	Contreras, N.
Coral, C. de	Coral, C. de
Cordero, L.	Cordero, L.
Cordoba, J.M.	Cordoba, J.M.
Core, E.L.	Core, E.L.
Correa-M., A.	Correa-Moya, A.
Correa, G.	Correa, G.
Correa, L.M.	Correa, L.M.
Corredor-A., F.E.	Corredor-A., F.E.
Corredor, C. de	Corredor, C. de
Corredor, L.M.	Corredor, L.M.
Corredor, S.	Corredor, S.
Corso-M., A.	Corso-M., A.
Cortés-B., R.	Cortés-B., Rocío
Cortés-Ballén, Lorena Andrea	Cortés-Ballén, Lorena Andrea
Cortés-S., S.P.	Cortés-Sánchez, Sandra Pilar
Cortés-S., Sandra P.	Cortés-Sánchez, Sandra Pilar
Cortés-S., Sandra Pilar	Cortés-Sánchez, Sandra Pilar
Cortés, G.	Cortés, G.
Cortés, H.	Cortés, H.
Cortés, Pilar	Cortés-Sánchez, Sandra Pilar
Cortés, S.	Cortés-Sánchez, Sandra Pilar
Cortés, Sandra	Cortés-Sánchez, Sandra Pilar
Corzo-Gualdrón, A.M.	Corzo-Gualdrón, A.M.
CPR	CPR
Croat, T.B.	Croat, T.B.
Cruz, H.	Cruz, H.
Cruz, I.	Cruz, I.
Cruz, M.	Cruz, M.
Cruz, M.P.	Cruz, M.P.
Cuadras, J.	Cuadras, J.
Cuadros-V. H.	Cuadros-V. H.
Cuadros, N.	Cuadros, N.
Cuadros, P.	Cuadros, P.
Cuatrecasas, J.	Cuatrecasas, José
Cubillos, C.	Cubillos, C.
Cuellar, D.M.	Cuellar, D. M.
Cuellar, Y.	Cuellar, Y.
Cuervo, E.	Cuervo, E.
Curvo, E.	Cuervo, E.
Daniel, R.	Daniel, R.
Davidse, G.	Davidse, G.
Dawe, M.T.	Dawe, M.T.
Del Risco, Andrés	Del Risco, Andrés
Delgado, P.	Delgado, P.
Delgado, W.	Delgado, W.
Dendrología II	Dendrología II
Devia, B.	Devia, B.
Díaz	Díaz
Díaz-D., D.J.	Díaz-D., D.J.
Díaz-Espinosa, M.	Díaz-Espinosa, A. M.
Díaz-Granados, Mauricio	Diazgranados, Mauricio
Díaz-Piedrahita, S.	Díaz-Piedrahita, Santiago
Díaz-V., J.	Díaz-V., J.
Díaz, A.	Díaz, A.
Díaz, A.M.	Díaz, A.M.
Díaz, B.	Díaz, B.
Díaz, E.	Díaz, E.
Díaz, J.	Díaz, J.
Díaz, R.	Díaz, R.
Díaz, W.	Díaz, W.
Diazgranados, M.	Diazgranados, Mauricio
Díez, B.	Díez, B.
Duarte-García, D.C.	Duarte-García, D.C.
Duarte, P.	Duarte, P.
Dueñas, H.	Dueñas, Hilda
Dugand, A.	Dugand, Armando
Duitama, O.	Duitama, O.
Duke, J.A.	Duke, J.A.
Duncan, T.	Duncan, T.
Duque-Jaramillo, J.	Duque-Jaramillo, José María
Duque-Jaramillo, J.M.	Duque-Jaramillo, José María
Duque-V., A.	Duque-V., A.
Durán, F.	Durán, F.
Durán, M.	Durán, M.
Dwyer, J.D.	Dwyer, J.D.
E.P.K.	Killip, Ellsworth Paine
Echeona, O.M.	Echeona, O.M.
Echeverry, E.R.	Echeverry, E.R.
Eguiluz, P.	Eguiluz, P.
Eljadue, L.	Eljadue, L.
Emilio	Emilio
Enciso, E.	Enciso, E.
Equiluz, P.	Equiluz, P.
Eraso, E.	Eraso, E.
Eriksen, B.	Eriksen, B.
Escobar, W.	Escobar, W.
Espinosa-Pinzón, Brayam Felipe	Espinosa-Pinzón, Brayam Felipe
Espinosa, P.	Espinosa, P.
Espinosa, Y.	Espinosa, Y.
Espinoza, V.	Espinoza, V.
Espitia, M.	Espitia, M.
Esquivel, H.	Esquivel, H.
Estrada, M.	Estrada, M.
Estudiantes	Estudiantes
Estudiantes Botánica G. 1981	Estudiantes Botánica G. 1981
Estudiantes Dendrología II - 1962	Estudiantes Dendrología II - 1962
Estupiñán, A.C.	Estupiñán, A.C.
Euyeuyd, Y.	Euyeuyd, Y.
Ewan, J.A.	Ewan, J.A.
Fadul, J.E.	Fadul, J.E.
Fajardo-G., F.	Fajardo-Gutiérrez, Francisco
Fajardo-G., Francisco	Fajardo-Gutiérrez, Francisco
Fajardo-Gutiérrez, Francisco	Fajardo-Gutiérrez, Francisco
Fajardo, F.	Fajardo-Gutiérrez, Francisco
Fajardo, Francisco	Fajardo-Gutiérrez, Francisco
Fajardo, R.	Fajardo, R.
Fajardo, Y.	Fajardo, Y.
Farfán, J.	Farfán, J.
Fassett, N.C.	Fassett, N.C.
Fernández-A., J. L.	Fernández-Alonso, José Luis
Fernández-Alonso, J. L.	Fernández-Alonso, José Luis
Fernández-Alonso, J.L.	Fernández-Alonso, José Luis
Fernández-Alonso, José Luis	Fernández-Alonso, José Luis
Fernández-Pérez, A.	Fernández-Pérez, Álvaro
Fernández-V., S.	Fernández-V., S.
Fernández, A.	Fernández-Pérez, Álvaro
Ferrer, A.	Ferrer, A.
Figueroa-C., Y.	Figueroa-Cardozo, Yisela
Figueroa, L.	Figueroa, L.
Flores-A., M.I.	Flores-A., M.I.
Flórez, C.	Flórez, C.
Flórez, E.	Flórez, E.
Flórez, L.	Flórez, L.
Florido, H.	Florido, H.
Florschütz, P.A.	Florschütz, P.A.
Fonseca, J.	Fonseca, J.
Fonseca, T.	Fonseca, T.
Fontecha, H.D.	Fontecha, H.D.
Forero	Forero
Forero, A.P.	Forero, A.P.
Forero, C.	Forero, C.
Forero, C.A.	Forero, C.A.
Forero, D.	Forero, D.
Forero, D.P.	Forero, D.P.
Forero, E.	Forero, Enrique
Forero, G.	Forero, G.
Forero, L.	Forero, L.A.
Forero, L.A.	Forero, L.A.
Forero, P.	Forero, P.
Fosberg, F.R.	Fosberg, F.R.
Foster, M.B.	Foster, M.B.
Franco-R., P.	Franco-Rosselli, Pilar
Franco-Rodríguez, D.	Franco-Rodríguez, D.
Franco, F.	Franco, F.
Franco, J.E.	Franco, J.E.
Fredy	Fredy
Fuentes, J.	Fuentes, J.
Fuertes, J.	Fuertes, J.
Fundación La Conejera	Fundación La Conejera
Gabriel, A.	Gabriel, A.
Gaitán, A.	Gaitán, A.
Galeano, G.	Galeano, Gloria
Galeano, M.P.	Galeano, Martha Patricia
Galindo, D.M.	Galindo, D.M.
Galindo, N.	Galindo, N.
Gallego, M.	Gallego, M.
Galvis-G., E.	Galvis-G., E.
Galvis, M.	Galvis, Manuel
Galvis, Manuel	Galvis, Manuel
Gamboa, C.	Gamboa, C.
Gamboa, M.C.	Gamboa, M.C.
Gámez, H.	Gámez, H.
Garavito, D.	Garavito, D.
Garay, H.	Garay, H.
Garcés, M. de	Garcés, M. de
García-B., A.	García-Barriga, Hernando
García-Barriga, H.	García-Barriga, Hernando
García-C., J.	García-C., J.
García, A.	García, A.
García, B.	García, B.
García, C.	García, C.
García, F.	García, F.
García, G.	García, G.
García, H.	García, H.
García, L.A. de	García, L.A. de
García, M.	García, M.
García, M.C.	García, M.C.
García, N.	García, N.
García, Ni.	García, Ni.
García, R.	García, R.
García, Roger Fabián	García, Roger Fabián
García, Yamile	García, Yamile
Garrido-Linares, M.	Garrido-Linares, M.
Garzón-Venegas, J.	Garzón-Venegas, Javier
Garzón-Venegas, Javier	Garzón-Venegas, Javier
Garzón, A.	Garzón, A.
Garzón, B.	Garzón, B.
Garzón, C.	Garzón, C.
Garzón, E.	Garzón, E.
Garzón, M.	Garzón, M.R.
Garzón, M.R.	Garzón, M.R.
Gentry, A.H.	Gentry, Alwyn H.
Gil-Correa, A.	Gil-Correa, A.
Gil, C.E.	Gil, C.E.
Giraldo-C., G.	Giraldo-C., G.
Giraldo-Cañas, D.	Giraldo-Cañas, Diego
Giraldo-P., M.C.	Giraldo-P., M.C.
Giraldo-Quintero, S.E.	Giraldo-Quintero, S.E.
Giraldo, Catalina	Giraldo, María Catalina
Giraldo, María Catalina	Giraldo, María Catalina
Gloria, A.	Gloria, A.
Goitia, D.	Goitia, D.
Gómez-O., A.L.	Gómez-O., A.L.
Gómez-Ríos., D.C.	Gómez-Ríos., D.C.
Gómez, G.	Gómez, G.
Gómez, H.	Gómez, H.
Gómez, J.C.	Gómez, J.C.
Gómez, M.	Gómez, M.
Gómez, N.Y.	Gómez, N.Y.
Gómez, R.	Gómez, R.
Gonzaga-Gutierréz, L.	Gonzaga-Gutierréz, L.
Gonzáles, W.	Gonzáles, W.
González-Barón, D.J.	González-Barón, D.J.
González-Manios, J.C.	González-Manios, J.C.
González-Patiño, J.	González-Patiño, J.
González-Pinto, Alba Luz	González-Pinto, Alba Luz
González-Sicard, J.M.	González-Sicard, José M.
González-Sicard, José M.	González-Sicard, José M.
González, A.M.	González, A.M.
González, Alba Luz	González-Pinto, Alba Luz
González, C.P.	González, C.P.
González, E.	González, E.
González, E. C.	González, E. C.
González, F.	González, F.A.
González, F.A.	González, F.A.
González, I.	González, I.
González, J.	González, J.
González, M.	González, M.
González, M.C.	González, M.C.
González, R.	González, R.
González, R.E.	González, R.E.
González, S.	González, S.
González, Y.	González, Y.
Gordillo, E.	Gordillo, E.
Gordillo, J.	Gordillo, J.
Goudot, M.J.	Goudot, M.J.
Grabandt, R.A.J.	Grabandt, R.A.J.
Gracia, M.	Gracia, M.
Granados-Guzmán, Á.	Granados-Guzmán, Á.
Granados-T., J.C.	Granados-T., J.C.
Granados-Z., David E.	Granados-Z., David E.
Granados, A.M.	Granados, A.M.
Granados, F.A.	Granados, F.A.
Granados, H.A.	Granados, H.A.
Grandoso, S.A.	Grandoso, S.A.
Grant, J.R.	Grant, J.R.
Grant, M.L.	Grant, M.L.
Grifo, F.T.	Grifo, F.T.
Grisales, M.A.	Grisales, M.A.
Grubb, P.J.	Grubb, P.J.
Guacaneme, M.	Guacaneme, M.
Gualdrón, C.	Gualdrón, C.
Guarín, A.	Guarín, A.
Guarín, E.	Guarín, E.
Guataquira, G.	Guataquira, G.
Guerrero, E.	Guerrero, E.
Guette, J.	Guette, J.
Guevara-Amortegui, B.	Guevara-Amortegui, B.
Guevara-P., A.R.	Guevara-P., A.R.
Guevara, A.B.	Guevara, A.B.
Guevara, B.	Guevara, B.
Guevara, R.	Guevara, R.
Guevara, V.	Guevara, V.
Gutiérrez-V., G.	Gutiérrez-V., G.
Gutiérrez, M.	Gutiérrez, M.
Gutiérrez, Mauricio	Gutiérrez, Mauricio
Guzmán, A.	Guzmán, A.
Guzmán, E.	Guzmán, E.
Guzmán, F.	Guzmán, F.
Hagemann, W.	Hagemann, W.
Halight, O.	Halight, O.
Hartmann, C.	Hartmann, C.
Hartweg, K.T.	Hartweg, K.T.
Hatheway, W.H.	Hatheway, William H.
Hatheway, William H.	Hatheway, William H.
Haught, O.	Haught, O.
Haussknecht, H.C	Haussknecht, H.C
Hawkes, J.G.	Hawkes, J.G.
Hay, Y. O.	Hay, Y. O.
Hayoz, C.	Hayoz, C.
Heiserm, C.B.	Heiserm, C.B.
Henao, M.	Henao, M.
Henry, Y.	Henry, Y.
Herbario Nacional Colombiano	Herbario Nacional Colombiano
Hermann, F.J.	Hermann, F.J.
Hernández-Camacho, J.	Hernández-Camacho, J.
Hernández-Contreras, L.	Hernández-Contreras, L.
Hernández-R., Aracely	Hernández-R., Aracely
Hernández-R., J.	Hernández-R., J.
Hernández-Schmidt, M.	Hernández-Schmidt, M.
Hernández-Vergara, R.	Hernández-Vergara, R.
Hernández, A.	Hernández, A.
Hernández, G.	Hernández, G.
Hernández, J.	Hernández, J.
Hernández, L.	Hernández, L.
Hernández, M.	Hernández, M.
Hernández, N.	Hernández, N.
Hernández, Nicolás	Hernández, Nicolás
Herrera-C., N.	Herrera-C., N.
Herrera-Góez, E.	Herrera-Góez, E.
Herrera, R.N.	Herrera, R.N.
Hest, P.V.	Hest, P.V.
Higuera, W.F.	Higuera, W.F.
Hiller, H.	Hiller, H.
Hinestrosa, A.	Hinestrosa, A.
Hinestroza, S.	Hinestroza, S.
Hirschel, O.	Hirschel, O.
HL	HL
Hno. A. Pablo	Hno. A. Pablo
Hno. Abel Gregorio	Hno. Abel Gregorio
Hno. Abel Remigio	Hno. Abel Remigio
Hno. Alfonso Miguel	Hno. Alfonso Miguel
Hno. Antomino-G.	Hno. Antomino-G.
Hno. Antoniano Gabriel	Hno. Antoniano Gabriel
Hno. Antonino-G.	Hno. Antonino-G.
Hno. Antonio C.	Hno. Antonio C.
Hno. Antonio Camilo	Hno. Antonio Camilo
Hno. Antonio Carlos	Hno. Antonio Carlos
Hno. Antonio G.	Hno. Antonio G.
Hno. Antonio Gabriel	Hno. Antonio Gabriel
Hno. Apolinar María	Hno. Apolinar María
Hno. Apollinaire	Hno. Apollinaire
Hno. Ariste Joseph	Hno. Ariste Joseph
Hno. B. García	Hno. B. García
Hno. Carlos Justino	Hno. Carlos Justino
Hno. Daniel	Hno. Daniel
Hno. Emiliano	Hno. Emiliano
Hno. Fernando Pedro	Hno. Fernando Pedro
Hno. Gabriel	Hno. Gabriel
Hno. García B.	Hno. García B.
Hno. Geric María	Hno. Geric María
Hno. Gregorio	Hno. Gregorio
Hno. Idianel	Hno. Idianel
Hno. Idinael	Hno. Idinael
Hno. Idinael Enrique	Hno. Idinael Enrique
Hno. Isidodo Regis	Hno. Isidodo Regis
Hno. Isidro	Hno. Isidro
Hno. Ismael	Hno. Ismael
Hno. J. Regio	Hno. J. Regio
Hno. J. Regis	Hno. J. Regis
Hno. Javier	Hno. Javier
Hno. L. Javier	Hno. L. Javier
Hno. Laureano J.	Hno. Laureano J.
Hno. Laureano Javier	Hno. Laureano Javier
Hno. León Remigio	Hno. León Remigio
Hno. Luciano	Hno. Luciano
Hno. Pablo	Hno. Pablo
Hno. Pablo A.	Hno. Pablo A.
Hno. Porfidio Jaramillo	Hno. Porfidio Jaramillo
Hno. Regio	Hno. Regio
Hno. Remigio	Hno. Remigio
Hno. Reningio Abel	Hno. Reningio Abel
Hno. S. Jorge	Hno. S. Jorge
Hno. Salvador José	Hno. Salvador José
Hno. Silvano	Hno. Silvano
Hno. Tomás B.	Hno. Tomás B.
Holton, I.F.	Holton, I.F.
Hoyos-R., M.A.	Hoyos-R., M.A.
Huertas-C., M.F.	Huertas-C., M.F.
Huertas-Camargo	Huertas Gonzalez, Gustavo
Huertas-P., G.	Huertas-P., G.
Humbert, H.	Humbert, H.
Humboldt, A.	Humboldt, F.W.H.A. von
Humboldt, F.W.H.A. von	Humboldt, F.W.H.A. von
Hunziker, J.H.	Hunziker, J.H.
Hurtado, B.	Hurtado, B.
Hurtado, H.	Hurtado, H.
Ibañez, M.	Ibañez, M.
Idrobo, J.	Idrobo, José. María
Idrobo, J. M.	Idrobo, José. María
Idrobo, J.M.	Idrobo, José. María
Iglesias, M.C.	Iglesias, M.C.
Instituto de La Salle	Instituto de La Salle
Instituto de Parcelaciones	Instituto de Parcelaciones
Instituto Zooprofiláctico	Instituto Zooprofiláctico
Isaza-M., J.H.	Isaza-Martínez, J.H.
Isaza-Martínez, J.H.	Isaza-Martínez, J.H.
Isaza, J.	Isaza, J.
Isaza, L.	Isaza, L.
Jácome, J.	Jácome-Reyes, Jorge H.
Jácome, Jorge	Jácome-Reyes, Jorge H.
Jaillier, G.	Jaillier, G.
Jaime Bermudez	Bermúdez, Jaime
Jaimes-Sánchez, Vilma	Jaimes-Sánchez, Vilma
Jaimes, Vilma	Jaimes-Sánchez, Vilma
Jara-Muñoz, A.	Jara-Muñoz, Adolfo
Jara, A.	Jara-Muñoz, Adolfo
Jara, Adolfo	Jara, Adolfo
Jaramillo	Jaramillo
Jaramillo-Berrio, G.	Jaramillo-Berrio, G.
Jaramillo-Mejía, R.	Jaramillo-Mejía, R.
Jaramillo, J.	Jaramillo, J.
Jaramillo, M.	Jaramillo, M.
Jaramillo, R.	Jaramillo, R.
Jaramillo, S.	Jaramillo, S.
Jiménez-A., A.	Jiménez-A., A.
Jiménez-A., B.	Jiménez-A., B.
Jiménez-Arango	Jiménez-Arango, A.
Jiménez-Arango, A.	Jiménez-Arango, A.
Jiménez-Cadena, G.	Jiménez-Cadena, G.
Jiménez-Ordóñez, J.	Jiménez-Ordóñez, J.
Jiménez, A.	Jiménez, A.
Jiménez, G.	Jiménez, G.
Jiménez, H.	Jiménez, H.
Jiménez, J.	Jiménez, J.
Jiménez, L.C.	Jiménez, L.C.
Jiménez, N.	Jiménez, N.C.
Jiménez, N.C.	Jiménez, N.C.
Johnson, C.D.	Johnson, C.D.
Joya, E.	Joya, E.
Juzepczuk, S.V.	Juzepczuk, S.V.
Kalbreyer, W.	Kalbreyer, W.
Karsten, G.C.W.H.	Karsten, G.C.W.H.
Kecan, G.	Kecan, G.
Keeley, J.E.	Keeley, J.E.
Kennedy, H.	Kennedy, H.
Kieft, E.G.B.	Kieft, E.G.B.
Killip, E.P.	Killip, Ellsworth Paine
King, R.M.	King, R.M.
Kirkbride, J.H. Jr	Kirkbride, J.H. Jr
Koje, M.	Koje, M.
Laboratorios Melser	Laboratorios Melser
Laboratorios Phitother	Laboratorios Phitother
Ladino, L.	Ladino, L.
Ladino, N.	Ladino, N.
Ladino, P.	Ladino, P.
Laegaard, S.	Laegaard, Simon
Lanchero-Barrios, I.P.	Lanchero-Barrios, I.P.
Lancheros-Ubate, M.	Lancheros-Ubate, M.
Lancheros, H.	Lancheros, Héctor Orlando
Lancheros, Héctor O.	Lancheros, Héctor Orlando
Lancheros, Héctor Orlando	Lancheros, Héctor Orlando
Landolt, E.	Landolt, E.
Lara-R., G.	Lara-R., G.A.
Lara, E.	Lara, E.
Lara, G.A.	Lara-R., G.A.
Latorre, C.	Latorre, C.
Laureano	Laureano
Laverde, H.	Laverde, H.
Leal, L.	Leal, L.
Leal, M.	Leal, M.
Lehmann, F.C.	Lehmann, F.C.
León-Gómez, M.	León-Gómez, M.
León-Pabón, J.	León-Pabón, J.
Lesmes, H.	Lesmes, H.
Lewis, W.H.	Lewis, W.H.
Linares, L.	Linares, L.
Linden, J.	Linden, J.
Lindig, A.	Lindig, A.
Lindig, M.	Lindig, M.
Little, E.L. Jr.	Little, E.L. Jr.
Llano, M. del	Llano, M. del
Lleras, A.	Lleras, A.
Lleras, E.	Lleras, E.
Loaiza, A.	Loaiza, A.
Londoño-E., F.	Londoño-E., F.
Londoño, A.	Londoño, A.
Londoño, C.	Londoño, C.
Londoño, E.	Londoño, E.
Lopera-Doncel, María Catalina	Lopera-Doncel, María Catalina
Lopera, María Catalina	Lopera, María Catalina
López	López
López-C., R.	López-Camacho, René
López-C., René	López-Camacho, René
López-Camacho, René	López-Camacho, René
López-Cruz, José	López-Cruz, José
López-G., Laura Manuela	López-G., Laura Manuela
López-J., L.E.	López-J., L.E.
López-O., M.	López-O., M.
López-P., S.	López-Palacios, S.
López, C.	López, C.
López, E.	López, E.
López, José	López, José
López, L.	López, L.
López, M.	López, M.
López, M.P.	López, M.P.
López, P.	López, P.
López, R.	López-Camacho, René
Lourteig, A.	Lourteig, A.
Lozano-C., G.	Lozano-Contreras, Gustavo
Lozano-M., G.E.	Lozano-M., G.E.
Lozano, Ga.	Lozano-Contreras, Gustavo
Lozano, Y.	Lozano, Y.
Luengas, P.E.	Luengas, P.E.
Luteyn, J.	Luteyn, James L.
Luteyn, J.L.	Luteyn, James L.
Lynch, J.D.	Lynch, John D.
Macdonald, R.	Macdonald, R.
Machado, J.	Machado, J.
Madero, A.	Madero, A.
Magdefrau, K.	Magdefrau, K.
Maguire, B.	Maguire, B.
Mahecha, G.	Mahecha-Vega, G.
Maldonado, A.	Maldonado, A.
Maldonado, L.	Maldonado, L.
Marín-L., P.	Marín-L., P.
Marín, César	Marín, César
Marín, O.	Marín, O.
Mariño, M.	Mariño, M.
Mariño, O.	Mariño, O.
Marquinez-C., X.	Marquínez-C., Xavier
Marta	Marta
Martín-H., M.	Martín-H., M.
Martín, R.	Martín, R.
Martin, R.T.	Martin, R.T.
Martínez-P., M.L.	Martínez-Peña, Myriam Liliana
Martínez-Peña, Myriam Liliana	Martínez-Peña, Myriam Liliana
Martínez-Rojas, Aura Mayerly	Martínez-Rojas, Aura Mayerly
Martínez, Aura Mayerly	Martínez-Rojas, Aura Mayerly
Martínez, C.	Martínez, C.
Martínez, G.	Martínez, G.
Martínez, J.	Martínez, J.
Martínez, J.A.	Martínez, J.A.
Martínez, Ja.	Martínez, Ja.
Martinez, K.	Martinez, K.
Martínez, L.	Martínez, L.
Martínez, M.	Martínez, M.
Martínez, Myriam Liliana	Martínez-Peña, Myriam Liliana
Martínez, N.	Martínez, N.
Martínez, Y.	Martínez, Y.
Mason, H.L.	Mason, H.L.
Mateus, R.	Mateus, R.
Matiz-Guerra, Laura Catalina	Matiz-Guerra, Laura Catalina
Matiz, Laura Catalina	Matiz-Guerra, Laura Catalina
Mayor, E.	Mayor, E.
Mayorga, C.	Mayorga, C.
Mayorga, M.	Mayorga, M.
MCB	MCB
McClintock, E.	McClintock, E.
McVaugh, R.	McVaugh, R.
Medellín-Z., D.	Medellín-Z., Diana
Medellín-Z., Diana	Medellín-Z., Diana
Medina-P., R.	Medina-P., R.
Medina-Vallejo, C.C.	Medina-Vallejo, C.C.
Medina, C.	Medina, C.
Medina, R.	Medina, R.
Mejía-J., R.	Mejía-J., R.
Mejía, A.	Mejía, A.L.
Mejía, A.L.	Mejía, A.L.
Mejía, F.	Mejía, F.
Mejía, J.	Mejía, J.P.
Mejía, J.P.	Mejía, J.P.
Mejía, P.	Mejía, P.
Melo, M.	Melo, M.
Méndez-Vargas, E.	Méndez-Vargas, E.
Méndez, D.	Méndez, D.
Mendoza-Cifuentes, H.	Mendoza-Cifuentes, Humberto
Mendoza-Cifuentes, Humberto	Mendoza-Cifuentes, Humberto
Mendoza, E.	Mendoza, E.
Mendoza, H.	Mendoza-Cifuentes, Humberto
Mendoza, Humberto	Mendoza-Cifuentes, Humberto
Mendoza, R.E.	Mendoza, R.E.
Mendoza, Y. de	Mendoza, Y. de
Merrill-K., R.	Merrill-K., R.
Mesa, L.	Mesa, L.
Meza, D.	Meza, D.
Mezey, K.	Mezey, K.
Mina-Calvo, A.	Mina-Calvo, A.
Miranda, Jessica	Miranda, Jessica
Mogens, K.	Mogens, K.
Molina, E.	Molina, E.
Monroe, R.P.	Monroe, R.P.
Montaña-B., E.	Montaña-B., E.
Montenegro, A.	Montenegro, A.
Montenegro, E.	Montenegro, E.
Montenegro, L.	Montenegro, Leyla
Montenegro, Leyla	Montenegro, Leyla
Montenegro, O.	Montenegro, O.
Montero, Iván	Montero, Iván
Monterroza, L.	Monterroza, L.
Montes, N.	Montes, N.
Montoya-Q., Angela	Montoya-Quintero, Angela
Montoya-Quintero, A.	Montoya-Quintero, Angela
Montoya, Angela	Montoya-Quintero, Angela
Montoya, E.	Montoya, E.
Moore, H.E. Jr.	Moore, H.E. Jr.
Mora-G., J.	Mora-Gómez, J.
Mora-G., R.A.	Mora-G., R.A.
Mora-Huertas, A.C.	Mora-Huertas, A.C.
Mora-O., L.E.	Mora-Osejo, Luis Eduardo
Mora, A.C.	Mora-Huertas, A.C.
Mora, G.	Mora, G.
Morales-L., G.	Morales-L., Gustavo
Morales-L., Gustavo	Morales-L., Gustavo
Morales-Rozo, Clara	Morales-Rozo, Clara
Morales, A.	Morales, A.
Morales, C.	Morales, C.
Morales, Clara	Morales-Rozo, Clara
Morales, G.	Morales-L., Gustavo
Morales, Gustavo	Morales-L., Gustavo
Morales, L.	Morales, L.
Morales, M.	Morales, M.
Moreno-Murillo, B.	Moreno-Murillo, B.
Moreno-P., L.E.	Moreno-P., L.E.
Moreno, A.	Moreno, A.
Moreno, A.C.	Moreno, A.C.
Moreno, B.	Moreno, B.
Moreno, Esteban	Moreno, Esteban
Moreno, G.	Moreno, G.
Moreno, L.A.	Moreno, L.A.
Moreno, M.	Moreno, M.
Moreno, Olga	Moreno, Olga
Moreno, W.	Moreno, W.
Moya, M.	Moya, M.
Muñoz-Beltrán, B.	Muñoz-Beltrán, B.
Muñoz-Sánchez, K.	Muñoz-Sánchez, K.
Muñoz, J.	Muñoz, José A.
Muñoz, José	Muñoz, José A.
Muñoz, José A.	Muñoz, José A.
Muñoz, T.	Muñoz, T.
Murcia, G.	Murcia, G.
Murillo-B., D.M.	Murillo-B., D.M.
Murillo, E.	Murillo, E.
Murillo, M.T.	Murillo-Pulido, M. T.
Mutis-D., E.	Mutis-D., E.
Mutis, J.C.B.	Mutis, J.C.B.
Navarro, J.	Navarro, J.
Navarro, Jaime	Navarro, Jaime
Navarro, L.	Navarro, L.
Navia, A.	Navia, A.
Nee, M.H.	Nee, M.H.
NEYBER LTDA,	Neyber Ltda.
Niemeyer, E.	Niemeyer, E.
Niño-Niño, P.G.	Niño-Niño, P.G.
Norato, J.	Norato, J.
Novoa-Garcés, A.F.	Novoa-Garcés, A.F.
Novoa, O.	Novoa, O.
Nuñez-Arévalo, L.	Nuñez-Arévalo, L.
Núñez, J.	Núñez, J.
Núñez, L.A.	Núñez, L.A.
O'Donnell, C.A.	O'Donnell, C.A.
Obando, Sandra	Obando, Sandra
Obregón-B., R.	Obregón-B., R.
Ocampo-Z., K.	Ocampo-Z., K.
Olaucegui, J.	Olaucegui, J.
Olaya-R., T.	Olaya-R., T.
Olea, A.	Olea, A.
Olivier-Hay, Y.	Olivier-Hay, Y.
Olmos, J.R.	Olmos-Soler, J. R.
Oñate, O.	Oñate, O.
Ordóñez-B., Juan C.	Ordóñez-Blanco, Juan Camilo
Ordóñez-B., Juan Camilo	Ordóñez-Blanco, Juan Camilo
Ordóñez-Blanco, Juan C.	Ordóñez-Blanco, Juan Camilo
Ordóñez-Blanco, Juan Camilo	Ordóñez-Blanco, Juan Camilo
Ordoñez, A.N.	Ordoñez, A.N.
Ordoñez, J.	Ordóñez-Blanco, Juan Camilo
Ordóñez, Juan C.	Ordóñez-Blanco, Juan Camilo
Ordóñez, Juan Camilo	Ordóñez-Blanco, Juan Camilo
Ordoñez, M.	Ordoñez, M.
Orejuela-R., Andrés	Orejuela-Ramírez, Andrés Alberto
Orejuela-Ramírez, Andrés	Orejuela-Ramírez, Andrés Alberto
Orejuela, A.	Orejuela-Ramírez, Andrés Alberto
Orejuela, Andrés	Orejuela-Ramírez, Andrés Alberto
Orejuela, Andrés Alberto	Orejuela-Ramírez, Andrés Alberto
Organista, J.	Organista, J.
Orjuela-R., M.A.	Orjuela-R., M.A.
Orozco-Ospina, Nubia	Orozco-Ospina, Nubia Esperanza
Orozco-Ospina, Nubia Esperanza	Orozco-Ospina, Nubia Esperanza
Orozco, Nubia	Orozco-Ospina, Nubia Esperanza
Orozco, O.	Orozco, O.
Orrego, O.	Orrego, O.
Ortega, Vladimir	Ortega, Vladimir
Ortiz-R., C.	Ortiz-Restrepo, C.
Ortíz-Restrepo, C.	Ortiz-Restrepo, C.
Ortiz-V., P.	Ortiz-Valdivieso, P.
Ortiz-Valdivieso, P.	Ortiz-Valdivieso, P.
Ortíz, D.	Ortiz, D.
Ortiz, H.	Ortiz, H.
Ortiz, M.	Ortiz, M.
Ortiz, P.	Ortiz, P.
Ortiz, R.	Ortiz, R.
Ortiz, Stefan	Ortiz, Stefan
Osorio, A.	Osorio, A.
Osorio, D.	Osorio, D.
Osorio, J.	Osorio, J.
Ospina-C., H.	Ospina-C., H.
Ospina-H., M.	Ospina-H., M.
Ospina-M., M.	Ospina-M., M.
Ospina-Monroy, C.	Ospina-Monroy, C.
Ospina, C.	Ospina-Monroy, C.
Ospina, M.	Ospina, M.
Ospina, V.	Ospina, V.
Otero-Durán, I.	Otero-Durán, I.
Pablo, A.	Pablo, A.
Pabón-E., M.A.	Pabón-E., M.A.
Pachón-Currea, A.A.	Pachón-Currea, A.A.
Pachón, F.	Pachón, F.
Páez, M.	Páez, M.
Palacios, J.	Palacios, J.C.
Palacios, J.C.	Palacios, J.C.
Palacios, P.A.	Palacios, P.A.
Páramo, G.	Páramo, G.
Páramo, J.	Páramo, J.
Pardo, C.	Pardo, C.
Pardo, D.	Pardo, D.
Paredes-Castro, M.R.	Paredes-Castro, M.R.
Paredes, A.	Paredes, A.
Paredes, M.	Paredes, M.
Parra-O., C.	Parra-Osorio, Carlos A.
Parra, C.A.	Parra, C.A.
Parra, G.	Parra, G.
Parrado, C.	Parrado, C.
Parrado, E.	Parrado, E.
Pedraza, C.	Pedraza-Peñalosa, Carlos
Pedraza, P.	Pedraza-Peñalosa, Paola
Pedrozo-P., J.A.	Pedrozo-P., J.A.
Peña, C.D.	Peña, C.D.
Peña, D.	Peña, C.D.
Peña, J.	Peña, J.C.
Peña, J.C.	Peña, J.C.
Peña, N.	Peña, Nohora
Peña, Nohora	Peña, Nohora
Pennell, F.	Pennell, F.W.
Pennell, F.W.	Pennell, F.W.
Peralta, J.	Peralta, J.
Perea, M.	Perea, M.
Pereira, G.	Pereira, G.
Pérez-Arbeláez, E.	Pérez-Arbeláez, Enrique
Pérez-Arbeláez, Enrique	Pérez-Arbeláez, Enrique
Pérez-Gil, Y.M.	Pérez-Gil, Y.M.
Pérez-Martínez, Laura Victoria	Pérez-Martínez, Laura Victoria
Pérez-S., Verónica	Pérez-Suárez, Verónica
Pérez-Suárez, Verónica	Pérez-Suárez, Verónica
Pérez, B.	Pérez, B.
Pérez, Darío	Pérez, Darío
Pérez, J.	Pérez, J.
Pérez, Laura Victoria	Pérez-Martínez, Laura Victoria
Pérez, S.	Pérez, S.
Pescador-V., B.	Pescador-V., B.
Philipson, W.R.	Philipson, W.R.
Pico-A., J.A.	Pico-A., J.A.
Pico-V., A.	Pico-Villalobos, Adriana
Pico-Villalobos, Adriana	Pico-Villalobos, Adriana
Pico, A.	Pico-Villalobos, Adriana
Pico, Adriana	Pico-Villalobos, Adriana
Pihedradita	Pihedradita
Pineda, D.P.	Pineda, D.P.
Pineda, M.	Pineda, Mónica
Pineda, Mónica	Pineda, Mónica
Pinilla, G.S. de	Pinilla, G.S. de
Pino, D. del	Pino, D. del
Pinto, P.	Pinto-Escobar, Polidoro
Pinto, R.	Pinto, R.
Pinzón-Pérez, Luisa Fernanda	Pinzón-Pérez, Luisa Fernanda
Pinzón-Rico, Y.A.	Pinzón-Rico, Y.A.
Pinzón, C.	Pinzón, C.
Pinzón, E. de	Pinzón, E. de
Pinzón, Luisa	Pinzón-Pérez, Luisa Fernanda
Pinzón, Luisa Fernanda	Pinzón-Pérez, Luisa Fernanda
Piza, L.F.	Piza, L.F.
Plata, E.	Plata, E.
Plowman, T.C.	Plowman, T.C.
Polanco, C.	Polanco, C.
Pombo, F.	Pombo, F.
Portillo, A.	Portillo, A.
Portillo, H. del	Portillo, H. del
Posada, A.	Posada, A.
Posada, C.	Posada, C.
Posada, M.	Posada, M.
Poveda, A.	Poveda, A.
Prada-C., J.D.	Prada-C., J.D.
Prado, C.	Prado, C.
Preciado-Silva, C.	Preciado-Silva, C.
Premauer, J.	Premauer, J.
Prieto, A.	Prieto, A.
Prieto, M.	Prieto, M.
Pring, G.H.	Pring, G.H.
Puente, M.Y.	Puente, M.Y.
Puentes-S., A.M.	Puentes-S., A.M.
Puentes, L.	Puentes, L.
Pulido-Caballero, J.C.	Pulido-Caballero, J.C.
Pulido-Hernández, L.P.	Pulido-Hernández, L.P.
Pulido, L.A.	Pulido, L.A.
Pulido, L.P.	Pulido-Hernández, L.P.
Pupiales, E.	Pupiales, E.
Purdie, W.	Purdie, W.
Quinche, M.A.	Quinche, M.A.
Quiñones, L.M.	Quiñones, L. M.
Quinto, W.	Quinto, W.
Rabón, W.	Rabón, W.
Ramírez-P., B.R.	Ramírez-P., B.R.
Ramírez, F.	Ramírez, F.
Ramírez, M.	Ramírez, M.
Ramírez, P.	Ramírez, Perla
Ramírez, Perla	Ramírez, Perla
Ramírez, S.R.	Ramírez, S.R.
Ramírez, W.	Ramírez, W.
Ramón, R.	Ramón, R.
Ramos-García, C.	Ramos-García, C.
Ramos, C.G.	Ramos-García, C.
Ramos, G.	Ramos, G.
Ramos, Juan Pablo	Ramos, Juan Pablo
Ramos, O.G.	Ramos, O.G.
Ramos, W.	Ramos, W.
Rangel-G., A.	Rangel-G., A.
Rangel, O.	Rangel-Churio, J. O.
Reina-E., M.	Reina-E., M.
Reina, M.	Reina, Miriam
Reina, Miriam	Reina, Miriam
Renetta, A.J.	Renetta, A.J.
Renz, O.	Renz, O.
Restrepo-M., R.	Restrepo-M., R.
Restrepo, J.	Restrepo, J.
Restrepo, Marcela	Restrepo, Marcela
Rey, C.	Rey, C.
Reyes, A.	Reyes, A.
Reyes, A.A.	Reyes, A.A.
Reyes, J.	Reyes, J.
Riaño, A.	Riaño, A.
Richter, L.	Richter, L.
Rico, L.S.	Rico, L.S.
Rincón, D.F.	Rincón, D.F.
Rincón, Milton	Rincón, Milton
Rincón, V.	Rincón, V.
Ríos, A.	Ríos, A.
Ríos, Felipe	Ríos, Héctor Felipe
Ríos, H.	Ríos, Héctor Felipe
Ríos, H. F.	Ríos, Héctor Felipe
Ríos, Héctor	Ríos, Héctor Felipe
Ríos, Héctor F.	Ríos, Héctor Felipe
Ríos, Héctor Felipe	Ríos, Héctor Felipe
Ríos, S.	Ríos, S.
Ríos, T. de los	Ríos, T. de los
Rivera-Díaz, O.	Rivera-Díaz, Orlando
Rivera, C.J.	Rivera, C.J.
Rivera, David	Rivera, David
Rivera, R.	Rivera, R.
Rivera, Yissel	Rivera, Yissel
Riveros, O.	Riveros, O.
Roa-T., A.	Roa-T., A.
Roa, P.H.	Roa, P.H.
Robayo, C.	Robayo, C.X.
Robayo, C.X.	Robayo, C.X.
Robledo, O.	Robledo, O.
Robles-C., J.	Robles-C., J.
Robles, H.	Robles, H.
Rocha-P., L.	Rocha-P., L.
Roderstrom, T.R.	Roderstrom, T.R.
Rodríguez-Alarcón, Slendy	Rodríguez-Alarcón, Slendy
Rodríguez-Almansa, S.M.	Rodríguez-Almansa, S.M.
Rodríguez-B., C.A.	Rodríguez-B., C.A.
Rodríguez-C., A.	Rodríguez-C., Ángela
Rodríguez-C., Ángela	Rodríguez-C., Ángela
Rodríguez-Martínez, Lizeth	Rodríguez-Martínez, Lizeth
Rodríguez-Mayusa, J.	Rodríguez-Mayusa, J.
Rodríguez, A.	Rodríguez-C., Ángela
Rodríguez, A.L.	Rodríguez, A.L.
Rodríguez, Ángela	Rodríguez-C., Ángela
Rodríguez, B.	Rodríguez, B.
Rodríguez, C.E.	Rodríguez, C.E.
Rodríguez, D.	Rodríguez, D.
Rodríguez, G.	Rodríguez, G.
Rodríguez, H.	Rodríguez, H.
Rodríguez, I.	Rodríguez, I.
Rodríguez, L.	Rodríguez, L.
Rodríguez, N.	Rodríguez, N.
Rodríguez, O.	Rodríguez, O.
Rodríguez, P.	Rodríguez, P.
Rodríguez, R.	Rodríguez, R.
Rodríguez, S.	Rodríguez, S.
Rodríguez, Slendy	Rodríguez-Alarcón, Slendy
Rodríguez, W.	Rodríguez, W.
Rodríguez, Y.	Rodríguez, Y.
Rojas-B., Sandra L.	Rojas-Botero, Sandra L.
Rojas-Botero, Sandra L.	Rojas-Botero, Sandra L.
Rojas-Kassem, Z.	Rojas-Kassem, Z.
Rojas, A.	Rojas, A.
Rojas, C.	Rojas, C.
Rojas, J.M.	Rojas, J.M.
Rojas, M.	Rojas, M.
Rojas, N.	Rojas, N.C.
Rojas, N.C.	Rojas, N.C.
Roldán, F.J.	Roldán, F.J.
Rolla, M.	Rolla, M.
Romero-Castañeda, R.	Romero-Castañeda, R.
Romero-Murcia, Johanna	Romero-Murcia, Johanna
Romero, D.	Romero, D.
Romero, H.	Romero, H.
Rondón, D.C.	Rondón, D.C.
Rubiano, Kristian	Rubiano, Kristian
Rubio, H.J.	Rubio, H.J.
RubioR.R.	Rubio, R.R.
Ruiz-S., G.	Ruiz-S., G.
Ruiz, G.	Ruiz, G.
Ruiz, Z.	Ruiz, Z.
Rusby, H.H.	Rusby, H.H.
Russi, E.	Russi, E.
S. M.	S. M.
Saab-Vélez, P.	Saab-Vélez, P.
Saavedra, D.	Saavedra, D.
Saavedra, M.E.	Saavedra, M.E.
Salama, A.	Salama, A.
Salamanca, H.	Salamanca, H.
Salamanca, J.	Salamanca, J.
Salamanca, S.	Salamanca, S.
Salas, C.	Salas, C.
Salazar-León, L.	Salazar-León, L.
Salazar, R.	Salazar, R.
Salinas, J.	Salinas, J.
Salinas, N.R.	Salinas, N.R.
Salvador, J.	Salvador, J.
Sanabria-Galindo, A.	Sanabria-Galindo, A.
Sanabria, María Fernanda	Sanabria, María Fernanda
Sanabria, R.	Sanabria, R.
Sánchez-H., F.	Sánchez-H., F.
Sánchez, A.	Sánchez, A.
Sánchez, D.	Sánchez, D.
Sánchez, G.	Sánchez, G.
Sánchez, L.	Sánchez, L.
Sánchez, M.C.	Sánchez, M.C.
Sánchez, P.	Sánchez, P.
Sánchez, R.	Sánchez, Roberto
Sánchez, Roberto	Sánchez, Roberto
Sánchez, V.	Sánchez, V.
Sánchez, Y.	Sánchez, Y.
Sandeman, C.A.W.	Sandeman, C.A.W.
Sandoval-Arenas, M.	Sandoval-Arenas, M.
Sandoval-Mojica, A.F.	Sandoval-Mojica, A.F.
Sandra	Sandra
Santa, J.I.	Santa, J.I.
Santos, G.	Santos, Guillermo
Santos, Guillermo	Santos, Guillermo
Santoyo, M.	Santoyo, M.
Saravia-T., C.	Saravia-T., C.
Sarmiento-T., Jorge	Sarmiento-T., Jorge
Sarmiento, C.R.	Sarmiento, C.R.
Sarmiento, E.	Sarmiento, E.
Sarmiento, F.	Sarmiento, F.
Sarmiento, J.	Sarmiento-T., Jorge
Sarmiento, Jorge	Sarmiento-T., Jorge
Sastoque, E.	Sastoque, E.
Sastre, C.	Sastre, C.
Scharader-F., C.	Scharader-F., C.
Schiefer, H.	Schiefer, H.
Schlesinger, D.	Schlesinger, D.
Schmidt-Mumm, U.	Schmidt-Mumm, U.
Schneider, A.	Schneider, A.
Schneider, M.	Schneider, M.
Schultes, R.E.	Schultes, R. E.
Schultze, A.	Schultze, A.
Schwabe, W.	Schwabe, W.
Serna-Isaza, R.A.	Serna-Isaza, R. A.
Serna, G.	Serna, G.
Shwabe, W.	Shwabe, W.
Siachoque, N.A.	Siachoque, N.A.
Sierra, B.	Sierra, B.
Sierra, G.	Sierra, G.
Sierra, J.	Sierra, J.
Silva-Mojica, H.	Silva-Mojica, H.
Silva, A.	Silva, A.
Silva, C.A.	Silva, C.A.
Silva, G.	Silva, G.
Silva, G.A.	Silva, G.A.
Silva, H.	Silva-Mojica, H.
Silva, L.	Silva, L.
Silva, M.L.	Silva, M.L.
Sipman, H.	Sipman, H.
Sm	Sm
Smith, L.B.	Smith, L. B.
Smith, S.G	Smith, S.G
Sociedad de Naturalistas de Nueva Granada	Sociedad de Naturalistas de Nueva Granada
Soderstrom, T.R.	Soderstrom, T.R.
Soejarto, D.D.	Soejarto, D. D.
Solano, F.	Solano, F.
Solano, O.	Solano, O.
Solarte, M.A.	Solarte, M.A.
Sosa, R.	Sosa, R.
Sotelo, C.	Sotelo, C.
Sotelo, L. M.	Sotelo, L. M.
Soto De León, S.	Soto De León, S.
Spadafora-G., A.	Spadafora-G., A.
Sprague, T.A.	Sprague, T.A.
St. John, H.	St. John, H.
Ståhl, B.	Ståhl, B.
Stâncik, D.	Stâncik, D.
Stein, B.A.	Stein, B.A.
Stübel, A.	Stübel, A.
Sturm, H.	Sturm, H.
Suárez-Ballesteros, C. I.	Suárez-Ballesteros, Carlos Iván
Suárez-M., A.	Suárez-M., A.
Suárez-Patiño, A.	Suárez-Patiño, A.
Suárez, A.	Suárez-Patiño, A.
Suárez, C. I.	Suárez-Ballesteros, Carlos Iván
Suárez, C.I.	Suárez-Ballesteros, Carlos Iván
Suárez, Carlos Iván	Suárez-Ballesteros, Carlos Iván
Suárez, H.	Suárez, H.
Suárez, N.	Suárez, N.
Suárez, R.	Suárez, R.
Suárez, S.	Suárez, S.
Suárez, Z.J.	Suárez, Z.J.
Suescun-Ramírez, O.	Suescun-Ramírez, O.
Taborda, J.	Taborda, J.
Talero, A.	Talero, A.
Téllez, E.	Téllez, E.
Téllez, G.	Téllez, G.
Terreros, J.	Terreros, J.
Tinjacá, S.	Tinjacá, S.
Tobar, D.E.	Tobar, D.E.
Toro, R.A.	Toro, R.A.
Torre, G. de la	Torre, G. de la
Torres-H., T.	Torres-H., T.
Torres-R., J.H.	Torres-Romero, J. H.
Torres, F.	Torres, F.
Torres, H.	Torres, H.
Torres, J.M.	Torres, J.M.
Torres, T.	Torres, T.
Tovar, C.	Tovar, C.
Tovar, O.	Tovar, O.
Tracey, J.A.	Tracey, J.A.
Tracey, T.	Tracey, T.
Traub, H.P.	Traub, H.P.
Triana, J.J.	Triana, José Jerónimo
Triana, M.	Triana, M.
Triana, T.	Triana, T.
Troll, C.	Troll, C.
Trujillo-Acosta, Angélica	Trujillo-Acosta, Angélica
Trujillo, G.	Trujillo, G.
Trujillo, L.	Trujillo, Ledy
Trujillo, Ledy	Trujillo, Ledy
Tryon, R.M.	Tryon, R.M.
U. Pedagógica 1986-I Grupo 3	U. Pedagógica 1986-I Grupo 3
U.E.J.	U.E.J.
Ungar, P.	Ungar, P.
Universidad de Los Andes	Universidad de Los Andes
Urban, I.	Urban, I.
Urbano, S.	Urbano, S.
Uribe-U., L.	Uribe-Uribe, L.
Uribe-Uribe, L.	Uribe-Uribe, L.
Uribe, P.	Uribe, P.
Urrea, G.	Urrea, G.
Urrego, D.	Urrego, D.
V.C.	V.C.
Vaca, A.	Vaca, A.
Vaca, M.	Vaca, M.
Valderrama, B. de	Valderrama, B. de
Valderrama, J.	Valderrama, J.
Valencia-D., J.	Valencia-D., Janice
Valencia-D., Janice	Valencia-D., Janice
Valencia, Janice	Valencia-D., Janice
Valencia, P.	Valencia, P.
Van der Hammen, T.	van der Hammen, Thomas
Vanegas, B.	Vanegas, B.
Vanegas, S.	Vanegas, S.
Varela, G.	Varela, G.
Varela, R.	Varela, R.
Vargas-N., J.P.	Vargas-Núñez, J. P.
Vargas-R., O.	Vargas-R., O.
Vargas-Rincón, Carlos	Vargas-Rincón, Carlos Alberto
Vargas, A.	Vargas, A.
Vargas, C. A.	Vargas-Rincón, Carlos Alberto
Vargas, C.A.	Vargas-Rincón, Carlos Alberto
Vargas, Carlos	Vargas-Rincón, Carlos Alberto
Vargas, Carlos A.	Vargas-Rincón, Carlos Alberto
Vargas, Carlos Alberto	Vargas-Rincón, Carlos Alberto
Vargas, G.	Vargas, G.
Vargas, J.	Vargas, J.
Vargas, K.	Vargas, K.
Vargas, L.	Vargas, L.J.
Vargas, L.F.	Vargas, L.F.
Vargas, L.J.	Vargas, L.J.
Vargas, Os.	Vargas, Oscar
Vargas, Oscar	Vargas, Oscar
Vargas, P.	Vargas, P.
Vargas, Y.	Vargas, Y.
Varón, N.	Varón, N.
Vásquez, C.A.	Vásquez, C.A.
Vásquez, J.	Vásquez, J.
Vega, G.	Vega, G.
Vega, W.	Vega, W.
Vegas-Mendoza, S.M.	Vegas-Mendoza, S.M.
Vejarano, S.	Vejarano, S.
Velasco-Linares, P.	Velasco-Linares, P.
Velasco, L.	Velasco, L.
Velásquez	Velásquez
Velásquez, A.	Velásquez, A.
Velásquez, G.	Velásquez, G.
Velásquez, R.	Velásquez, R.
Velásquez, S.	Velásquez, S.
Velásquez, T.	Velásquez, T.
Vélez, J.	Vélez, J.
Vélez, Saab	Vélez, Saab
Vergara, J.	Vergara, J.
Vergara, K.	Vergara, K.
Viasus, L.	Viasus, L.
Vidal, A.M.	Vidal, A.M.
Villa, D.	Villa, D.
Villagómez, R.	Villagómez, R.
Villarraga, L.	Villarraga, L.
Villarreal, L.I.	Villarreal, L.I.
Villarreal, M.	Villarreal, M.
Villarreal, S.	Villarreal, S.
Villegas, F.	Villegas, F.
Villota, A.	Villota, A.
Vink, R.	Vink, R.
Vivas, C.	Vivas, C.
Vodicka, M.	Vodicka, M.
Waldrón, T.	Waldrón, T.
Weaver, R.E.	Weaver, R.E.
Wijninga, V.M.	Wijninga, V.M.
Williams, Ll.	Williams, Ll.
Winkler, S.	Winkler, S.
Wood, J.	Wood, J.R.I.
Wood, J.R.I.	Wood, J.R.I.
Woronow, G.J.	Woronow, G.J.
Yann-Olivier, H.	Yann-Olivier, H.
Yepes-Agredo, S.	Yepes-Agredo, S.
Yepes, M.	Yepes, M.
Yepez, F.	Yepez, F.
Yusti-Muñoz, A.P.	Yusti-Muñoz, A.P.
Zabaleta, Ángela	Zabaleta, Ángela
Zabaleta, I. de	Zabaleta, I. de
Zambrano, G.	Zambrano, G.
Zapata-Vásquez, J.V.	Zapata-Vásquez, J.V.
Zapata, F.	Zapata, F.
Zapata, S.	Zapata, S.
Zárate, C.	Zárate, C.
Zarucchi, J.L.	Zarucchi, J.L.
Zucolotto, S.	Zucolotto, S.
Zuluaga-C., Juliana	Zuluaga-C., Juliana
Zuluaga-R., S.	Zuluaga-R., S.
Zulueta, I. de	Zulueta, I. de
Zúñiga, A.M.	Zúñiga, A.M.
